{
  "franka": {
    "action": {
      "mean": [
        0.15312479436397552,
        0.13707277178764343,
        -0.15526802837848663,
        -0.005176450591534376,
        -0.01120874285697937,
        -0.020194264128804207,
        0.4578818082809448
      ],
      "std": [
        0.41272708773612976,
        0.34724321961402893,
        0.50869220495224,
        0.037266165018081665,
        0.07244449853897095,
        0.05762382969260216,
        0.49827873706817627
      ],
      "max": [
        0.9375,
        0.9375,
        0.9375,
        0.1971428543329239,
        0.33642858266830444,
        0.375,
        1.0
      ],
      "min": [
        -0.9375,
        -0.9375,
        -0.9375,
        -0.1875,
        -0.3675000071525574,
        -0.36000001430511475,
        0.0
      ],
      "q01": [
        -0.7454732114076613,
        -0.6616071462631226,
        -0.9375,
        -0.1071428582072258,
        -0.20678570866584778,
        -0.1842857152223587,
        0.0
      ],
      "q99": [
        0.9375,
        0.8758928775787354,
        0.9321428537368774,
        0.1039285734295845,
        0.17678570747375488,
        0.14571428298950195,
        1.0
      ],
      "mask": [
        true,
        true,
        true,
        true,
        true,
        true,
        false
      ]
    },
    "state": {
      "mean": [
        -0.024462558329105377,
        0.106529600918293,
        1.0580483675003052,
        3.0628468990325928,
        -0.10464039444923401,
        0.08307311683893204,
        0.01995457336306572,
        -0.020162804052233696
      ],
      "std": [
        0.1101478561758995,
        0.13784688711166382,
        0.10442823916673634,
        0.10451053828000996,
        0.4112098217010498,
        0.2176690548658371,
        0.017260896041989326,
        0.0171116404235363
      ],
      "max": [
        0.1759040206670761,
        0.3904820382595062,
        1.3290715217590332,
        3.4566118717193604,
        1.2268599271774292,
        1.0429412126541138,
        0.041053611785173416,
        0.000775813648942858
      ],
      "min": [
        -0.3095473051071167,
        -0.29250794649124146,
        0.9095591306686401,
        2.497488260269165,
        -1.8006486892700195,
        -0.7207611203193665,
        -0.0004703797458205372,
        -0.041536275297403336
      ],
      "q01": [
        -0.2727657300233841,
        -0.23721413239836692,
        0.9160063165426254,
        2.77949666261673,
        -1.3187511622905732,
        -0.41989982962608335,
        0.001503719249740243,
        -0.03989770736545324
      ],
      "q99": [
        0.13529365032911292,
        0.3629165390133857,
        1.2862326657772063,
        3.2829698753356933,
        0.9332760351896285,
        0.6325724506378171,
        0.039933966137468815,
        -0.001671919699292631
      ]
    },
    "num_transitions": 52970,
    "num_trajectories": 432
  }
}

